id,location_id,program_id
23.0,23.0,0.0
12.0,11.956521739130435,
6.782329983125268,6.711443828333032,
1.0,1.0,
6.5,6.5,
12.0,12.0,
17.5,17.5,
23.0,22.0,
